{
    "AgAlO3": {
        "[0, 0, 1]": {
            "mismatch": [
                -0.00031950492183918655,
                -0.00031950492183918655,
                0.0
            ]
        },
        "[0, 1, 0]": {
            "mismatch": [
                -0.00031950492183918655,
                -0.00893672479675156,
                0.0
            ]
        },
        "[0, 1, 1]": {},
        "[1, 0, 0]": {
            "mismatch": [
                -0.00031950492183918655,
                -0.00893672479675156,
                0.0
            ]
        },
        "[1, 0, 1]": {},
        "[1, 1, 0]": {},
        "[1, 1, 1]": {},
        "_id": "3_AgAlO3_0000000000000681168",
        "space_group_oqmd": 123,
        "space_group_pymatgen": 123
    }
}