{
    "FeTe": {
        "[0, 0, 1]": {
            "mismatch": [
                0.006456603114666448,
                0.006456603114666448,
                0.0
            ]
        },
        "[0, 1, 0]": {},
        "[0, 1, 1]": {},
        "[1, 0, 0]": {},
        "[1, 0, 1]": {},
        "[1, 1, 0]": {},
        "[1, 1, 1]": {},
        "_id": "2_FeTe_000000000000000111166",
        "space_group_oqmd": 129,
        "space_group_pymatgen": 129
    }
}